<?xml version="1.0" encoding="UTF-8"?>

<!DOCTYPE mapper
        PUBLIC "-//mybatis.org//DTD Mapper 3.0//EN"
        "http://mybatis.org/dtd/mybatis-3-mapper.dtd">

<mapper namespace="com.shiyanlou.file.mapper.UserfileMapper">
    <select id="userfileList" resultType="com.shiyanlou.file.vo.UserfileListVO">
        select * from userfile a
        left join file on file.fileId = a.fileId
        <where>
            <if test="userfile.userId != null">
                and a.userId = #{userfile.userId}
            </if>
            <if test="userfile.filePath != null">
                and a.filePath = #{userfile.filePath}
            </if>
            <if test="userfile.extendName != null">
                and a.extendName = #{userfile.extendName}
            </if>
        </where>
        ORDER BY  isDir desc
        limit #{beginCount}, #{pageCount}
    </select>

    <select id="selectFileByExtendName" parameterType="com.shiyanlou.file.model.UserFile" resultType="com.shiyanlou.file.vo.UserfileListVO">
        select * from userfile
        <include refid="selectByExtendName"></include>
        limit #{beginCount}, #{pageCount}
    </select>

    <select id="selectCountByExtendName" parameterType="com.shiyanlou.file.model.UserFile" resultType="java.lang.Long">
        select count(*) from userfile
        <include refid="selectByExtendName"></include>
    </select>

    <select id="selectFileNotInExtendNames" parameterType="com.shiyanlou.file.model.UserFile" resultType="com.shiyanlou.file.vo.UserfileListVO">
        select * from userfile
        <include refid="selectByNotExtendName"></include>
        limit #{beginCount}, #{pageCount}
    </select>

    <select id="selectCountNotInExtendNames" parameterType="com.shiyanlou.file.model.UserFile" resultType="java.lang.Long">
        select count(*) from userfile
        <include refid="selectByNotExtendName"></include>
    </select>

        <select id="userfileList" resultType="com.shiyanlou.file.vo.UserfileListVO">
        select * from userfile a
        left join file on file.fileId = a.fileId
        <where>
            <if test="userfile.userId != null">
                and a.userId = #{userfile.userId}
            </if>
            <if test="userfile.filePath != null">
                and a.filePath = #{userfile.filePath}
            </if>
            <if test="userfile.extendName != null">
                and a.extendName = #{userfile.extendName}
            </if>
            and a.deleteFlag = 0
        </where>
        ORDER BY  isDir desc
        limit #{beginCount}, #{pageCount}
    </select>

    <sql id="selectByExtendName" >
        left join file on file.fileId = userfile.fileId
        where extendName in
        <foreach collection="fileNameList" open="(" close=")" separator="," item="fileName" >
            #{fileName}
        </foreach>
        and userId = #{userId}
        and deleteFlag = 0
    </sql>
    <sql id="selectByNotExtendName">
        left join file on file.fileId = userfile.fileId
        where extendName not in
        <foreach collection="fileNameList" open="(" close=")" separator="," item="fileName" >
            #{fileName}
        </foreach>
        and userId = #{userId}
        and deleteFlag = 0
    </sql>

    <update id="updateFilepathByFilepath">
        UPDATE userfile SET filePath=REPLACE(filePath, #{param1}, #{param2})
        WHERE filePath like N'${param1}%' and userId = #{param3}
    </update>

    <update id="replaceFilePath">
        UPDATE userfile SET filepath=REPLACE(filepath, #{oldFilePath}, #{filePath})
        WHERE filepath LIKE N'${oldFilePath}%' and userId = #{userId};
    </update>

    <select id="selectStorageSizeByUserId" resultType="java.lang.Long" parameterType="java.lang.Long">
        SELECT SUM(fileSize) FROM userfile
        LEFT JOIN file ON file.fileId = userfile.fileId
        WHERE userfile.userId = #{userId} and deleteFlag = 0
    </select>
    
</mapper>